28,29,39,22,8,56,70,11,57,34,53,45,67,71,36,42,17,12,66,50,38,19,72,61,9,48,3,31,51,23,41,65,35,69,63,30,6,60,59,68,1,64,58,18,32,15,14,5,44,52,26,16,10,49,33,24,7,47,25,43,4,62,37,55,46,40,54,20,27,2,21,13
45,8,29,70,39,28,56,66,57,67,22,53,61,72,12,69,17,38,71,42,23,19,9,36,11,34,68,51,50,48,64,3,35,41,47,6,60,31,15,1,49,65,59,18,63,5,26,16,52,58,30,37,10,62,33,32,24,7,44,14,4,43,25,55,40,20,54,46,27,2,13,21
8,29,70,22,45,57,38,67,17,12,28,56,39,72,68,69,36,66,53,42,51,1,11,9,71,23,31,48,47,50,19,34,61,59,26,60,5,10,35,15,3,52,41,18,64,65,7,30,33,14,63,49,58,37,6,62,43,24,25,44,16,40,46,55,54,21,32,4,2,13,20,27
66,39,8,31,17,28,29,22,57,61,34,67,72,42,35,38,41,70,11,65,51,53,12,69,68,56,6,36,50,58,48,3,30,9,45,1,63,44,71,16,19,59,14,23,47,10,60,33,49,64,32,5,15,26,18,7,52,43,54,62,25,24,37,46,55,4,27,40,20,2,21,13
29,22,8,38,70,39,12,11,57,56,45,36,28,66,67,17,71,53,68,51,72,23,9,19,42,69,1,48,61,50,31,34,47,59,65,60,3,18,35,26,49,6,15,63,41,64,52,10,14,5,7,33,58,30,37,25,16,62,24,32,43,44,55,40,46,54,4,20,13,2,21,27
29,8,22,57,70,12,38,56,28,17,45,68,39,69,66,67,72,71,34,42,9,11,23,53,19,36,50,48,61,47,35,51,31,1,41,3,59,18,6,26,65,60,14,64,30,10,15,58,63,24,43,52,33,16,7,49,44,32,5,25,54,37,40,62,55,46,4,27,13,20,21,2
61,57,28,22,66,41,53,38,56,70,34,31,39,71,11,45,65,3,19,8,58,67,29,51,35,63,72,17,50,42,16,12,44,6,69,47,68,36,30,59,9,32,23,60,48,1,18,52,33,14,62,43,49,10,7,24,25,5,15,55,46,26,54,64,27,4,40,13,37,20,21,2
49,69,6,48,47,58,32,20,60,16,14,13,21,65,2,59,35,41,44,63,1,27,55,72,36,23,30,46,4,40,37,51,9,19,43,61,34,38,17,54,3,25,45,24,66,62,50,33,70,68,53,42,52,11,71,56,31,29,10,57,8,7,22,18,15,12,5,64,26,28,39,67
66,28,29,45,57,53,22,19,67,11,61,71,39,8,17,38,70,12,9,41,35,34,68,42,50,56,69,72,36,31,6,65,47,3,23,63,51,30,44,1,59,60,7,26,18,52,58,48,14,15,16,64,33,49,5,32,10,25,43,62,24,54,40,46,37,55,21,4,2,13,20,27
29,57,8,22,70,38,39,12,28,17,45,56,36,11,67,71,69,9,66,68,53,72,42,48,34,19,51,50,23,3,61,47,65,1,15,60,59,35,18,41,31,26,64,6,63,49,33,10,5,7,52,30,14,58,16,37,44,62,32,43,25,54,40,24,46,55,4,21,27,13,20,2
49,36,44,69,48,60,4,32,21,30,72,47,16,59,35,14,63,65,27,23,20,6,2,54,58,17,13,45,62,40,55,25,9,51,61,57,24,46,41,34,37,1,43,38,31,3,7,56,19,53,68,52,66,67,12,39,33,10,18,29,50,70,11,42,22,5,8,15,64,71,28,26
30,32,63,14,65,47,23,60,49,58,41,17,19,69,40,72,31,48,44,9,34,35,6,61,67,66,50,53,43,59,1,22,13,46,57,71,11,36,16,37,3,62,38,52,45,55,56,8,70,20,51,54,28,21,10,39,27,24,25,68,33,7,2,42,4,26,5,15,29,12,64,18
22,29,8,70,45,57,12,17,56,38,39,69,36,68,28,51,72,9,71,53,67,11,23,42,66,61,48,47,50,1,59,15,34,60,31,41,19,3,26,18,64,63,49,52,35,5,65,33,14,10,7,6,44,58,25,30,24,54,43,37,62,32,55,16,46,4,40,2,13,27,21,20
29,8,22,45,70,57,12,38,56,28,17,72,67,68,39,23,11,66,69,42,9,53,71,51,50,36,61,31,34,48,1,47,64,35,19,60,3,15,59,49,7,26,30,65,5,6,14,33,41,18,52,10,63,44,58,37,62,16,43,24,25,32,54,55,40,4,46,2,21,27,13,20
29,8,70,22,57,38,17,56,45,28,12,39,72,68,67,66,9,11,23,36,69,42,71,1,51,53,34,61,48,50,47,31,60,59,15,35,26,3,19,41,65,64,6,49,14,18,33,7,5,30,10,52,37,63,58,43,16,44,32,54,25,24,62,40,55,4,46,21,20,27,2,13
29,57,8,22,38,28,68,67,45,70,69,17,39,66,12,56,11,72,36,42,71,51,53,1,47,50,61,48,59,34,9,19,23,35,31,65,49,60,26,41,3,6,18,64,63,15,58,52,7,44,10,33,14,24,30,5,43,37,16,25,32,62,4,55,54,27,46,40,13,21,20,2
39,8,11,66,67,28,34,61,57,70,56,45,3,29,12,42,17,22,71,50,53,68,30,19,9,65,38,36,31,72,41,35,15,69,47,58,59,51,63,16,1,18,60,7,48,23,5,44,26,49,64,33,14,6,32,10,43,52,24,40,62,37,25,4,55,46,21,54,27,2,13,20
61,35,42,34,58,53,19,17,44,69,65,57,66,28,39,67,6,31,11,50,3,63,29,71,49,8,70,45,32,41,56,12,30,38,68,15,36,22,51,47,23,16,72,59,1,54,48,14,60,9,52,26,25,10,55,5,33,46,7,4,62,13,18,64,21,24,37,43,27,40,2,20
22,8,29,45,70,57,56,17,72,28,12,39,38,42,66,68,11,69,51,50,71,36,53,9,67,31,23,48,19,35,61,34,1,47,64,59,41,18,52,15,26,60,3,49,6,65,7,24,5,14,63,44,33,30,58,43,10,62,25,16,32,37,4,54,46,55,40,27,21,2,13,20
31,61,32,50,3,41,16,58,19,23,9,66,65,48,35,28,29,44,67,8,36,34,14,17,63,38,6,70,1,53,72,45,42,11,37,71,56,25,39,51,30,59,47,60,49,69,57,68,64,15,7,12,54,4,24,13,52,22,10,21,27,33,43,5,62,40,46,20,26,18,55,2
61,28,53,41,11,39,66,19,34,35,67,29,70,71,65,50,38,56,9,8,42,22,45,23,12,6,57,3,72,31,1,30,17,47,58,44,69,16,48,51,63,32,68,60,64,7,5,36,33,59,43,49,25,26,18,24,15,52,14,37,40,10,62,54,2,55,4,27,46,20,21,13
8,70,29,45,28,57,12,39,67,53,17,38,22,72,71,66,56,42,9,19,51,11,23,34,68,31,69,50,1,41,35,36,48,65,59,3,47,61,64,60,15,18,26,7,58,63,6,33,10,5,30,14,44,52,24,49,25,43,62,16,37,32,46,55,54,40,27,4,2,20,21,13
70,22,39,38,28,8,11,45,66,71,29,57,42,67,17,72,53,19,56,34,69,9,35,36,61,68,12,23,31,50,30,41,65,44,51,6,1,3,64,48,59,7,60,15,18,63,47,58,33,14,49,16,5,52,26,10,32,25,37,24,62,54,43,46,40,55,4,13,2,20,21,27
39,66,8,70,28,50,11,56,42,61,31,72,65,63,41,38,71,17,67,57,19,29,35,53,36,12,34,51,22,68,45,48,3,6,9,23,1,69,32,58,47,16,44,49,30,10,59,60,64,33,26,7,14,18,15,5,43,52,24,62,37,25,46,40,54,4,27,55,13,20,2,21
39,29,66,11,45,61,34,28,57,67,70,8,68,53,42,38,19,17,56,50,35,65,12,69,31,41,51,1,22,63,71,23,36,58,9,72,18,6,47,16,59,48,3,44,60,30,32,64,33,26,15,49,43,62,14,5,37,52,10,24,7,55,40,25,46,4,54,27,2,21,13,20
35,6,31,58,23,41,66,30,38,48,3,32,19,11,36,34,1,44,65,49,51,61,9,17,45,53,16,39,42,28,72,69,67,57,47,63,55,71,14,59,21,68,4,62,50,60,8,20,56,22,54,43,29,46,5,40,26,27,64,2,12,7,24,37,18,13,25,10,70,15,52,33
60,58,48,47,2,14,23,44,59,16,32,36,6,35,49,63,20,21,4,1,55,41,27,19,13,46,38,30,65,69,17,34,72,40,61,9,3,25,51,62,54,24,37,43,45,68,70,7,57,31,50,39,33,42,11,53,66,52,56,5,22,67,28,12,71,26,10,15,8,18,64,29
29,39,57,8,28,12,22,66,70,11,45,67,53,38,72,71,34,56,42,69,17,9,35,68,23,61,41,19,31,50,47,1,51,36,3,65,48,59,26,63,60,18,6,30,32,15,64,49,14,58,33,43,44,7,10,5,37,16,62,25,52,24,46,4,40,54,55,21,20,27,13,2
28,53,66,19,34,35,69,30,39,44,48,61,41,6,32,36,58,9,16,56,42,67,63,31,17,38,60,3,50,47,59,72,65,11,51,22,70,14,8,23,45,49,29,1,25,57,7,68,62,2,71,33,55,5,54,40,52,46,18,64,13,37,15,12,26,10,4,43,21,20,24,27
60,48,14,1,58,47,6,2,49,36,21,23,55,37,16,35,27,41,32,65,72,62,59,30,4,17,69,20,51,40,63,13,25,31,68,54,70,44,3,61,46,34,19,24,50,45,5,57,38,42,53,66,9,56,67,8,12,52,28,43,71,33,29,10,11,18,15,22,7,39,64,26
31,61,32,69,9,41,35,19,63,6,65,44,39,53,72,70,42,8,28,17,1,36,29,56,34,3,67,66,38,47,11,58,23,22,30,48,49,16,57,71,45,68,14,51,12,59,2,50,43,55,33,15,60,46,62,7,37,40,26,5,64,54,52,24,4,27,25,20,10,18,21,13
34,71,11,67,61,8,53,42,29,70,57,19,38,66,3,39,45,68,36,9,6,41,30,28,69,51,58,31,56,35,17,65,63,50,12,48,44,22,72,59,1,47,16,49,5,26,32,33,23,18,10,60,52,14,43,64,24,15,40,25,37,46,20,7,62,4,21,2,55,27,54,13
36,35,65,34,50,3,66,57,42,48,41,72,58,61,19,47,11,28,6,23,30,67,63,51,70,22,38,17,44,32,69,49,1,16,68,71,31,53,59,56,45,60,29,14,8,39,12,21,37,24,62,9,26,4,43,52,33,55,64,7,25,18,20,10,15,54,27,13,5,40,2,46
35,50,41,63,30,53,58,14,61,32,47,3,72,70,44,69,66,16,65,6,71,57,11,42,28,45,19,17,38,34,1,51,60,39,23,56,22,36,29,55,54,9,21,25,68,48,8,49,31,10,59,67,46,4,52,12,43,62,40,5,13,33,24,20,27,2,37,15,64,7,18,26
29,70,8,57,22,45,38,12,69,17,56,28,72,39,67,36,68,23,66,9,51,53,11,48,34,61,42,71,1,50,47,49,19,31,59,60,35,64,18,33,15,3,41,65,14,5,63,26,7,52,10,24,16,30,58,43,62,25,37,6,32,44,40,55,46,20,4,54,13,2,21,27
6,61,58,35,60,19,41,16,65,51,31,3,34,14,59,63,9,32,30,56,11,47,69,17,38,8,42,48,67,1,66,44,28,71,68,21,45,57,36,72,70,46,50,20,2,49,23,55,54,24,39,53,62,25,43,29,27,52,37,4,10,13,5,26,12,40,64,7,22,33,15,18
29,8,22,70,45,12,28,38,57,39,56,66,17,71,67,72,11,69,42,31,34,68,61,65,53,36,3,50,19,9,23,1,64,41,51,35,48,47,59,58,18,15,52,49,30,63,6,5,26,60,16,33,14,44,10,32,7,43,37,62,24,54,25,55,4,40,46,27,21,2,20,13
8,29,70,22,57,45,12,56,17,68,69,72,38,28,67,66,71,39,9,51,53,23,48,36,11,34,61,42,47,1,59,19,35,3,50,60,31,15,64,18,65,5,49,41,52,10,26,63,33,14,30,7,58,6,43,62,44,32,37,25,24,16,40,54,4,55,46,20,2,13,21,27
29,11,39,12,70,8,22,45,56,67,57,28,38,72,17,71,61,69,66,42,53,34,9,36,19,41,50,51,31,6,23,3,68,59,48,58,30,65,35,1,47,60,44,64,16,15,26,63,5,7,18,10,52,49,24,33,32,14,62,37,43,25,54,46,40,55,4,2,13,20,27,21
28,29,39,45,66,42,8,22,61,17,9,67,71,70,38,56,57,11,34,31,50,53,35,12,19,36,3,68,41,72,69,51,65,23,48,6,58,30,26,63,18,15,64,44,49,47,59,52,16,5,60,1,43,24,14,32,10,7,33,25,37,62,40,4,54,46,55,27,21,2,20,13
22,8,70,29,57,12,45,28,38,17,56,68,67,72,42,66,69,39,9,36,11,71,50,53,51,34,23,19,15,64,61,26,1,59,31,48,47,3,18,65,60,35,41,49,52,63,30,33,7,5,14,10,44,58,6,62,37,24,25,43,16,32,54,40,4,55,46,20,13,21,2,27
29,41,19,39,6,35,65,70,11,42,3,61,28,57,31,66,38,67,34,56,50,53,30,71,36,72,58,8,63,1,49,22,60,9,16,23,48,32,69,17,12,68,51,44,59,47,45,55,26,7,37,14,52,62,5,4,15,25,33,18,20,43,46,21,40,64,10,24,54,27,13,2
42,39,70,57,29,66,53,22,12,38,34,61,11,17,8,28,72,71,50,67,9,56,35,41,48,69,19,31,68,23,1,45,63,65,58,36,3,6,30,51,47,15,44,32,59,18,14,64,7,60,5,52,33,16,26,49,10,43,37,25,24,4,62,40,46,55,27,54,13,21,20,2
65,34,41,35,3,16,61,66,47,6,32,11,38,39,19,23,30,59,63,44,58,1,48,57,31,53,67,17,45,51,72,69,9,60,68,42,36,28,29,55,70,8,14,37,50,54,56,5,4,20,49,15,71,52,21,27,43,33,2,7,24,62,46,40,26,22,12,18,64,13,10,25
8,29,22,28,57,56,38,11,70,61,39,69,12,66,50,67,9,17,34,45,42,72,53,71,19,35,36,1,51,68,23,47,60,41,48,31,3,63,59,65,15,49,5,44,16,6,18,26,14,7,58,64,30,10,25,52,62,32,33,24,43,37,46,55,40,4,13,54,27,21,20,2
29,70,8,12,38,66,39,56,57,67,22,28,50,17,11,45,42,72,69,19,3,68,34,31,41,71,9,61,53,36,47,23,51,35,65,26,63,48,1,16,60,59,5,18,44,58,52,6,49,33,64,10,15,43,32,30,14,7,24,25,37,62,55,54,4,46,40,2,13,27,20,21
29,8,70,38,22,28,68,57,12,45,56,17,67,69,9,53,50,11,66,71,72,39,61,42,34,51,36,59,23,19,47,60,1,48,15,31,3,18,26,49,41,65,35,64,10,30,14,63,7,5,33,44,52,58,6,62,24,25,43,16,32,37,55,4,54,46,40,20,2,13,27,21
29,70,8,39,57,38,56,22,28,11,17,45,66,12,68,67,51,42,9,72,34,36,69,71,48,61,50,41,31,53,23,1,59,47,64,19,35,65,10,60,26,3,15,30,58,18,63,7,49,6,52,14,44,5,33,32,16,37,24,46,62,43,25,54,4,40,55,13,21,2,27,20
11,28,19,31,34,16,65,66,35,42,50,63,69,70,41,67,61,56,48,3,60,36,71,9,38,51,59,29,53,32,45,39,6,44,72,58,30,57,17,23,1,8,68,47,14,49,12,22,33,18,10,7,4,37,26,43,2,5,52,40,64,15,13,62,25,55,27,46,20,24,54,21
39,22,70,67,28,57,29,38,61,11,45,34,71,12,72,17,19,50,53,42,8,35,66,31,69,36,41,68,56,30,65,9,3,59,1,51,6,63,23,58,44,32,18,7,14,47,16,48,49,60,26,5,62,10,64,37,52,54,15,25,55,33,24,4,43,40,46,21,2,27,13,20
8,29,11,67,61,38,39,56,42,17,9,35,68,66,34,71,70,57,45,50,63,31,12,28,22,19,53,69,72,41,36,58,23,3,30,6,1,51,65,16,60,48,15,44,10,52,62,14,32,18,47,59,64,5,49,26,37,24,7,33,25,43,55,46,4,40,54,2,21,27,20,13
29,8,22,28,57,70,38,17,56,45,72,69,67,12,66,71,11,9,39,36,68,42,50,51,61,23,34,53,1,31,64,49,65,3,35,48,41,60,15,59,47,18,26,63,19,58,14,7,30,33,6,52,10,62,5,43,37,24,25,16,44,46,55,32,4,54,40,13,27,2,20,21
29,70,8,22,45,17,39,56,57,12,38,68,28,67,72,69,36,48,11,71,9,66,34,51,53,42,61,1,50,59,31,19,35,64,47,49,26,41,63,15,60,23,18,30,7,5,3,65,14,10,58,33,24,6,52,44,62,4,37,25,43,32,55,40,54,16,46,13,21,27,20,2
29,70,22,8,12,38,45,57,17,67,69,56,39,72,28,68,9,71,66,36,51,11,53,23,47,34,60,59,1,50,42,48,61,19,26,15,31,3,63,18,35,41,33,49,64,65,30,14,24,10,52,7,5,37,43,62,16,6,44,25,58,32,40,46,4,55,54,2,21,20,27,13
32,23,1,65,48,13,16,58,6,59,69,60,30,14,47,55,72,63,21,9,17,61,45,2,38,35,49,27,62,46,44,34,51,54,4,24,36,20,3,40,53,37,50,41,11,68,66,10,25,67,42,31,71,19,43,33,57,28,56,7,5,15,52,12,70,22,8,29,39,64,18,26
29,22,8,57,70,12,28,56,68,72,66,17,38,69,45,39,71,36,50,67,51,11,61,42,53,9,23,31,19,1,34,64,65,48,47,41,59,26,15,35,18,5,10,3,49,14,60,63,7,52,33,30,25,58,37,6,24,44,62,54,16,4,55,43,32,46,21,40,27,13,20,2
22,70,8,29,71,28,57,34,67,66,17,53,39,38,11,36,42,56,45,12,35,72,61,31,9,19,41,1,51,50,69,68,65,6,23,58,3,30,63,60,59,26,33,14,48,52,16,64,32,44,47,18,5,10,15,43,62,49,46,25,7,37,24,40,55,4,54,2,21,13,27,20
44,60,14,6,54,48,13,1,47,69,58,21,36,32,49,2,38,27,65,23,63,20,35,16,59,24,55,3,46,9,31,41,11,30,40,72,70,34,51,25,62,61,17,37,19,56,4,53,50,33,57,43,68,42,7,10,52,5,66,22,45,29,15,39,28,64,12,67,71,18,8,26
60,41,58,47,49,6,30,23,44,35,14,63,36,16,19,48,65,32,1,61,51,9,3,38,31,69,13,17,42,40,59,43,53,21,46,27,72,34,24,52,57,62,66,2,70,67,20,45,56,25,12,50,8,11,54,68,37,28,29,39,22,10,18,4,71,55,64,5,7,15,33,26
8,29,57,70,12,22,56,28,38,45,72,68,39,9,67,69,17,51,36,66,11,19,42,48,50,34,71,61,64,53,23,47,1,31,26,3,59,60,15,65,33,41,35,49,63,10,5,18,7,52,30,6,25,14,24,62,58,44,37,16,4,43,32,40,54,46,55,2,20,21,27,13
29,22,70,8,57,67,45,38,28,17,39,66,12,68,11,71,56,72,42,53,36,69,9,34,31,1,51,50,35,61,19,23,41,3,48,15,26,30,59,63,18,64,47,65,58,60,49,33,7,14,6,5,16,52,10,25,32,44,37,24,43,4,55,46,62,40,54,21,13,2,20,27
28,29,57,66,67,70,8,19,39,11,17,22,42,48,53,45,65,31,9,56,35,34,50,71,12,61,69,68,38,51,23,72,41,1,63,3,60,30,6,44,36,64,59,18,49,47,14,58,7,26,32,43,16,37,25,15,33,5,24,62,10,52,4,55,54,46,40,20,21,13,27,2
29,28,22,56,67,70,8,68,57,66,38,61,45,12,71,11,39,42,34,72,9,17,31,65,19,53,36,15,50,3,41,35,69,51,63,1,23,59,48,64,30,32,18,6,60,33,26,7,47,44,10,16,58,49,25,5,14,52,62,24,37,43,40,4,54,55,46,20,21,2,27,13
70,29,28,38,8,12,39,71,67,57,17,11,66,56,61,42,69,36,45,19,34,22,9,68,50,35,53,72,51,65,59,41,31,23,3,47,1,30,49,26,6,63,58,16,44,15,48,5,18,14,60,10,64,32,62,33,52,24,7,43,37,55,4,46,54,40,25,20,21,2,13,27
29,8,70,22,57,45,12,9,72,38,56,68,67,42,69,39,28,11,17,61,53,71,36,66,1,19,51,34,23,50,48,35,31,18,60,47,65,26,59,3,15,7,41,64,10,14,49,5,63,30,6,52,58,25,33,37,16,43,44,24,62,32,40,54,46,4,55,2,13,21,20,27
29,70,8,45,28,12,22,38,11,39,9,57,66,68,23,51,42,67,17,56,72,36,61,71,53,69,19,50,31,34,41,47,64,48,35,1,65,3,60,30,49,15,63,59,6,26,7,58,18,44,33,10,16,5,32,25,52,14,62,24,43,37,46,4,55,2,40,54,13,27,21,20
29,70,45,8,38,12,57,22,68,28,56,17,39,69,71,36,72,67,9,66,11,61,23,42,47,50,51,1,53,34,60,48,31,59,64,26,49,41,18,35,19,15,3,33,63,7,10,30,65,52,14,58,5,6,25,44,16,32,37,43,62,4,24,40,54,46,55,13,27,2,20,21
35,61,41,65,34,53,19,6,66,44,72,11,70,32,36,38,31,9,69,3,63,42,30,17,16,48,47,58,39,1,23,56,28,29,8,57,51,45,67,60,71,50,49,68,59,54,14,22,40,55,12,5,4,2,26,37,7,33,18,20,52,25,46,62,21,13,64,27,43,15,24,10
48,49,6,47,27,36,2,58,32,1,20,14,16,60,59,46,41,35,55,21,72,13,44,63,69,19,23,38,3,62,30,34,17,57,40,61,54,45,24,5,25,42,37,9,11,4,29,66,51,43,65,10,70,53,56,22,31,71,68,39,12,52,7,67,50,26,33,64,8,15,28,18
22,29,57,8,70,69,56,39,12,28,17,45,11,38,36,68,71,72,48,51,53,61,66,67,42,23,34,9,50,19,59,47,60,49,18,41,1,64,31,3,14,15,35,65,26,30,63,33,10,52,6,5,16,44,7,25,58,37,43,24,32,62,55,46,4,40,54,21,27,2,13,20
19,28,61,35,11,50,34,36,39,31,3,16,67,6,63,57,42,65,71,17,45,41,70,44,58,38,32,48,30,66,29,23,68,51,72,8,9,12,69,1,59,22,47,49,53,40,33,56,5,60,15,24,62,37,25,46,14,55,7,52,26,20,18,10,4,43,21,13,54,2,64,27
29,8,70,22,45,57,17,67,12,56,38,11,42,69,28,39,53,9,23,71,48,68,72,66,50,61,51,36,34,47,1,19,18,26,60,35,31,15,49,64,41,3,59,10,5,58,65,33,63,30,7,52,43,6,14,16,62,44,32,37,24,25,54,40,4,46,55,20,21,27,13,2
8,22,29,57,38,12,70,17,72,45,39,69,67,28,51,56,71,42,66,9,68,48,23,53,11,36,64,50,61,34,41,1,26,49,31,19,3,59,60,47,18,15,35,5,65,52,10,63,7,33,58,30,14,62,6,25,24,43,44,37,54,16,32,40,46,4,55,2,21,13,27,20
29,8,57,22,28,38,45,70,39,66,72,12,56,17,67,11,68,71,19,36,9,42,53,69,34,23,61,51,48,50,1,31,41,65,60,35,59,47,26,49,3,15,30,33,6,7,18,63,58,14,10,64,32,5,52,16,43,44,25,62,24,54,37,55,40,4,46,21,13,27,2,20
23,47,16,32,14,1,20,6,34,54,49,30,55,2,58,13,63,44,41,40,48,46,51,27,36,53,60,69,59,19,17,21,3,61,65,24,35,62,43,42,70,37,38,72,52,45,4,5,9,50,56,66,11,25,57,31,10,7,39,67,15,22,68,28,18,29,26,8,33,12,71,64
66,39,53,61,50,29,28,70,31,11,41,65,8,34,22,56,67,19,69,42,17,35,57,71,45,30,72,38,51,12,63,58,9,3,68,44,59,47,48,16,23,36,32,52,6,15,60,14,26,24,49,5,18,1,46,10,33,62,64,25,37,54,43,55,7,4,40,21,27,2,13,20
35,34,66,70,31,61,57,42,45,30,65,39,53,16,17,29,63,11,58,71,22,19,3,1,51,47,28,50,8,38,67,6,41,48,69,59,68,60,9,72,23,44,36,56,49,33,14,32,10,12,26,4,5,25,24,7,18,62,52,37,54,15,13,40,64,55,20,43,46,21,27,2
29,70,22,28,57,39,8,11,72,69,38,66,45,53,61,67,17,42,56,12,68,71,34,65,36,9,23,50,3,31,41,1,35,26,59,19,48,47,58,60,51,33,10,64,6,63,16,15,52,49,44,30,18,14,7,5,32,37,24,4,43,62,25,40,55,46,54,27,21,2,13,20
8,28,29,39,42,61,45,17,66,56,71,11,58,22,35,70,34,53,41,67,57,38,31,19,3,68,30,50,6,9,48,63,69,65,72,12,23,1,44,32,51,47,18,16,5,15,36,60,49,59,64,4,62,7,52,26,24,14,33,10,43,37,25,40,55,13,20,54,46,2,21,27
29,28,57,8,70,71,67,12,39,22,17,72,66,42,61,38,56,48,9,53,11,36,69,68,45,50,19,65,41,34,31,18,35,3,23,1,51,30,47,15,58,63,60,52,49,64,14,59,5,6,7,26,33,10,16,44,32,43,24,62,25,37,40,55,4,46,54,20,27,2,13,21
14,49,2,47,44,60,21,20,16,27,32,58,35,48,6,65,69,59,13,63,36,1,4,23,38,17,54,61,41,55,25,51,46,30,40,37,9,34,31,57,72,53,62,3,42,19,56,70,10,52,11,7,43,45,22,33,66,24,68,5,64,29,50,39,28,12,15,67,8,71,26,18
39,66,28,53,8,11,42,38,29,12,31,35,67,50,61,45,71,56,65,19,57,34,70,17,72,63,3,22,6,68,69,41,9,23,51,48,30,60,59,58,5,47,7,36,64,44,33,49,16,14,1,32,52,62,10,25,18,43,15,37,24,26,46,54,40,2,4,55,21,27,13,20
8,29,70,38,22,45,57,56,69,17,12,9,72,39,28,68,71,67,36,48,66,23,51,50,42,47,61,53,34,1,11,49,19,31,60,15,59,35,18,3,26,41,64,7,65,33,63,10,52,6,30,44,5,43,14,58,16,25,37,32,62,24,54,4,55,40,46,21,2,13,27,20
22,29,67,70,38,8,39,57,71,56,28,42,66,12,45,17,53,11,19,72,68,31,9,34,69,61,35,50,48,36,51,1,23,41,15,63,3,65,44,18,47,60,49,30,64,6,58,7,26,25,37,59,32,10,5,52,62,14,33,16,24,4,54,43,40,46,55,13,20,2,21,27
8,29,22,57,17,38,70,72,45,56,12,9,39,69,36,68,28,67,71,66,48,11,51,23,53,47,19,42,50,31,1,34,61,60,49,59,64,26,3,65,15,41,33,35,18,10,5,7,63,30,14,6,52,58,25,43,62,44,24,16,37,32,54,40,46,4,55,27,20,13,2,21
8,29,70,22,12,38,45,57,56,68,69,72,71,28,67,11,66,39,36,9,17,53,51,61,34,23,60,42,3,31,47,48,19,50,35,18,1,26,49,64,59,15,41,10,63,52,5,14,30,33,6,65,7,44,16,37,25,58,32,62,43,24,46,55,40,4,54,2,20,13,21,27
67,19,70,28,53,39,35,42,29,72,61,66,11,56,22,36,63,34,31,57,17,1,45,65,47,38,3,23,41,58,44,51,71,8,6,32,9,16,50,12,30,60,68,69,7,64,59,49,15,52,24,48,33,14,43,26,37,25,62,40,5,10,4,18,2,55,54,46,27,20,13,21
29,28,70,22,67,31,71,11,61,41,39,69,6,19,53,66,42,38,35,34,56,45,17,68,57,23,58,3,50,72,30,8,65,9,63,1,36,48,44,12,47,51,32,16,26,15,52,60,14,64,59,54,37,5,24,33,25,18,62,7,46,10,40,49,43,55,4,2,27,21,20,13
29,22,70,45,8,12,57,38,28,39,17,68,66,67,9,72,56,36,11,51,61,69,42,71,23,53,15,48,47,34,50,26,64,31,19,35,18,60,1,41,59,3,65,63,33,49,52,10,7,37,5,6,44,16,62,58,43,30,14,24,32,25,4,55,54,46,40,20,21,2,27,13
8,29,57,22,28,67,39,68,45,11,70,71,69,17,38,42,34,12,56,53,72,61,66,36,23,50,41,35,9,19,31,63,51,3,59,48,26,30,47,58,15,1,52,60,18,49,7,64,10,33,65,44,5,6,14,62,25,16,43,32,24,40,37,54,4,55,46,13,20,2,27,21
29,8,22,70,57,17,38,28,56,45,39,12,68,69,36,67,23,72,42,9,11,51,71,66,48,50,53,1,61,35,19,34,31,49,47,15,3,59,60,41,18,52,64,26,7,5,65,63,10,30,33,58,6,43,44,14,25,24,16,62,46,32,37,40,55,4,54,13,27,21,20,2
8,29,61,39,57,28,66,38,50,22,71,11,67,70,53,31,12,19,9,45,68,34,42,72,17,3,41,69,65,35,63,36,30,60,56,6,44,58,23,48,47,18,16,26,1,59,51,32,7,49,64,15,10,33,52,5,24,14,37,25,43,62,4,20,55,40,54,46,27,21,2,13
66,8,67,19,28,29,6,61,35,42,39,11,56,45,70,53,57,50,34,48,22,38,72,17,41,44,3,12,30,16,32,36,58,23,49,69,51,1,63,31,71,68,9,47,65,59,60,18,25,64,7,33,26,14,10,15,43,5,24,62,37,52,54,55,40,46,20,21,27,4,2,13
11,70,39,42,67,17,3,66,31,53,34,35,29,41,30,6,56,68,61,12,16,28,8,45,69,38,65,71,57,36,50,58,59,63,51,44,19,48,47,72,32,22,23,1,25,5,60,7,9,15,14,10,49,37,18,33,4,55,26,64,43,52,62,40,46,2,21,13,24,54,27,20
70,45,39,28,22,42,53,66,67,12,57,8,61,29,38,34,50,68,71,35,19,63,56,23,72,11,6,36,58,69,31,48,3,41,51,9,65,17,32,60,47,16,64,15,30,44,1,18,33,59,26,49,7,43,14,10,5,52,37,24,62,54,25,55,4,20,46,40,21,2,27,13
29,57,8,38,45,70,22,28,56,12,39,66,67,11,72,69,36,17,53,68,71,23,48,51,42,9,34,61,47,19,1,60,50,35,31,59,41,3,18,65,26,33,30,49,6,64,44,52,7,15,63,5,58,14,10,16,62,25,32,37,43,40,24,46,4,55,54,20,13,2,27,21
57,8,29,70,66,28,17,22,11,39,45,34,42,72,67,12,61,56,69,50,51,36,35,38,53,41,68,31,71,65,9,3,19,47,23,15,63,1,48,14,64,30,58,60,6,18,52,59,49,7,44,5,10,24,32,26,16,37,33,62,43,4,25,55,40,27,54,46,20,21,13,2
66,61,42,11,70,45,28,29,67,38,39,57,56,22,69,34,31,72,53,12,17,8,71,50,65,36,19,68,41,6,3,35,51,9,32,58,48,23,47,1,63,60,64,16,5,44,30,59,26,33,49,52,7,14,10,15,43,18,24,37,46,4,25,62,54,55,13,40,2,21,20,27
2,55,47,44,14,30,6,32,69,58,27,13,20,38,60,63,23,35,21,4,36,54,49,1,48,16,40,59,37,61,9,65,41,3,19,51,31,57,17,46,72,45,25,11,33,67,53,7,62,18,71,42,43,66,50,8,34,24,56,10,70,68,52,26,28,12,22,15,5,39,64,29
61,35,42,63,66,39,31,69,34,58,11,17,41,28,19,38,3,30,60,53,6,50,65,16,32,67,59,44,23,51,49,45,57,9,36,72,29,1,68,12,48,71,22,70,54,46,56,47,7,62,52,33,18,55,40,8,43,14,10,4,27,5,64,13,20,15,25,26,24,21,2,37
29,8,70,38,22,57,12,45,69,68,56,17,28,39,36,9,23,67,72,1,66,11,61,53,51,42,71,48,60,47,19,64,18,59,34,50,49,3,31,15,35,41,14,26,52,30,65,58,10,7,33,63,5,43,62,6,44,24,37,32,25,4,40,46,55,16,54,13,20,27,2,21
29,28,70,22,12,67,8,39,57,45,38,11,61,53,42,9,66,71,50,56,34,36,17,68,48,72,65,23,69,51,64,35,19,41,59,1,31,47,3,15,26,49,63,60,5,18,10,14,24,52,58,6,7,37,30,44,32,33,16,62,25,43,55,46,54,40,4,27,2,13,20,21
29,8,70,22,38,57,72,45,28,12,17,56,9,67,36,69,68,39,71,11,66,48,51,1,53,23,34,47,19,50,61,42,59,31,35,49,60,64,26,18,3,15,65,7,10,41,63,30,52,58,6,5,44,33,14,25,43,24,62,4,40,37,16,54,32,55,46,27,20,21,2,13
8,22,29,70,28,56,57,38,45,67,66,71,42,17,39,61,72,12,69,11,68,36,53,51,48,23,34,1,59,41,31,50,35,9,19,3,47,44,60,15,6,63,58,26,30,14,64,18,49,7,16,65,10,5,52,32,43,24,33,62,25,37,54,55,46,4,40,27,21,20,2,13
8,70,29,57,38,56,22,17,12,45,68,28,69,67,72,66,71,39,53,9,51,23,11,36,61,47,1,34,50,42,48,35,64,15,60,59,18,31,3,19,26,33,41,52,10,65,5,14,49,25,7,30,43,63,6,24,58,37,62,44,16,32,40,4,46,54,55,21,20,13,27,2
29,8,70,22,57,12,45,38,69,66,17,56,68,28,39,11,67,72,23,9,36,71,42,34,48,51,50,1,53,49,64,47,19,41,61,15,31,18,35,3,59,65,60,63,30,7,26,52,5,14,43,33,10,6,58,37,24,32,16,62,25,44,4,46,13,40,54,55,20,2,27,21
28,29,61,8,67,57,66,9,42,71,19,17,53,50,39,35,70,41,34,69,38,22,65,3,51,68,12,44,11,45,36,56,31,72,23,6,63,48,30,59,1,32,47,58,60,15,49,25,16,18,52,64,26,10,7,5,14,37,33,62,4,24,54,46,55,43,40,20,21,27,13,2
41,3,6,60,11,36,35,48,32,61,63,69,31,58,23,45,57,16,44,49,65,19,68,72,42,9,34,66,70,4,2,17,55,40,38,13,47,50,1,53,51,59,18,62,12,43,24,37,46,22,67,56,27,14,8,28,5,39,30,7,54,21,71,29,52,25,20,26,10,33,64,15
70,29,22,8,28,57,38,12,67,68,17,66,45,56,39,11,71,36,69,72,51,23,61,42,53,1,47,9,31,19,50,34,41,48,3,65,59,64,49,60,63,52,26,30,5,35,15,18,10,7,6,44,58,14,33,24,16,62,37,25,43,32,54,40,4,46,20,27,55,21,2,13
29,8,70,22,57,38,28,56,12,66,17,39,42,23,67,68,11,45,9,72,69,61,53,71,1,34,31,36,3,47,19,50,51,48,64,41,59,49,35,26,60,63,15,18,10,58,30,5,44,14,65,7,52,6,33,37,62,16,25,43,24,32,4,55,40,54,46,27,20,21,13,2
29,22,45,8,70,57,28,17,12,56,71,68,53,42,39,23,67,38,36,66,69,11,34,9,50,72,61,51,31,35,19,48,15,3,47,65,1,60,41,63,33,5,58,26,59,18,64,6,7,30,32,14,10,44,49,52,16,24,43,62,37,40,46,55,25,54,4,20,2,27,21,13
60,44,16,51,31,69,23,32,47,59,63,70,61,6,36,48,14,30,55,46,41,27,37,58,49,13,38,34,20,3,24,54,9,17,1,19,35,2,57,40,53,25,7,65,33,68,72,45,4,56,62,10,21,50,8,42,11,29,5,43,66,12,52,28,67,22,39,71,18,64,26,15
28,29,8,38,70,66,45,11,57,39,17,56,36,22,72,42,61,12,69,67,68,53,48,51,71,19,31,50,59,65,34,9,44,26,1,63,23,41,35,6,30,3,18,47,58,16,52,5,15,14,60,64,49,32,7,24,25,10,62,33,37,43,55,46,40,54,4,20,21,2,13,27
34,35,38,70,67,42,6,41,11,53,29,61,19,69,8,65,50,30,17,39,57,1,28,68,71,58,12,31,32,49,66,45,44,63,56,72,48,59,51,3,36,47,23,22,15,64,16,60,5,25,62,9,10,14,54,4,24,37,7,26,18,46,33,43,52,13,40,21,20,55,27,2
8,29,22,70,57,28,12,45,39,69,66,38,72,67,56,9,53,50,61,17,71,42,68,11,34,23,51,3,19,41,31,36,65,35,47,1,48,5,63,18,52,64,30,10,15,59,6,60,26,16,58,32,25,37,44,7,49,33,14,62,43,4,40,24,54,55,46,13,2,27,20,21
66,28,67,39,71,11,8,29,22,57,70,45,34,31,61,19,53,42,56,35,68,69,17,12,41,65,72,38,50,3,36,63,30,1,59,9,44,51,6,58,60,16,48,23,32,14,47,37,49,62,10,26,5,64,18,25,33,15,54,40,7,24,52,43,4,55,21,46,20,13,27,2
29,22,8,70,57,45,17,38,12,69,39,28,68,56,67,72,9,36,66,71,11,53,48,51,23,47,42,61,1,50,19,34,64,35,59,60,31,14,49,26,15,18,3,41,65,10,5,63,52,6,30,7,33,58,62,32,43,37,24,25,44,16,55,54,46,13,4,40,2,27,21,20
14,58,1,48,55,2,32,16,20,54,41,59,23,21,69,65,47,40,60,49,36,44,43,17,9,6,35,13,30,37,27,34,63,62,72,19,51,46,25,4,38,61,24,45,66,31,42,70,33,7,5,29,52,53,57,56,3,11,10,39,12,8,68,50,71,64,67,28,22,26,18,15
42,61,39,41,34,71,35,11,67,66,19,53,29,69,22,17,31,70,65,16,57,6,12,8,30,28,36,32,3,63,44,51,45,47,58,50,68,38,1,59,9,72,56,23,26,48,62,49,64,15,43,10,7,33,25,46,55,37,60,54,18,52,14,5,40,4,24,13,27,20,2,21
70,61,29,28,66,39,11,8,22,56,45,12,42,34,72,53,69,38,67,57,41,71,51,50,17,3,68,31,23,48,19,60,36,9,35,65,44,6,63,1,64,15,14,49,52,33,30,58,59,47,26,16,18,24,32,10,5,37,7,62,43,46,55,25,40,54,20,4,21,13,27,2
57,29,8,22,45,17,12,56,70,69,68,11,39,9,28,51,72,66,38,67,53,1,71,23,61,34,47,59,42,36,48,31,64,60,19,50,49,41,15,65,35,63,26,3,33,5,18,14,10,7,30,52,58,43,6,37,62,25,44,32,24,55,4,16,40,54,46,27,2,20,13,21
29,22,8,28,70,38,57,39,45,67,72,11,17,56,12,66,68,71,53,51,34,69,23,42,61,36,50,19,9,48,3,47,1,64,65,15,60,41,31,35,30,26,63,6,49,7,33,18,59,10,5,44,58,14,24,52,32,16,62,25,43,37,40,54,4,46,55,2,27,21,13,20
32,69,6,16,4,36,65,48,35,38,41,3,63,17,19,14,44,9,30,47,49,58,59,23,1,66,2,70,72,60,51,50,61,11,39,53,46,56,27,24,34,40,8,45,31,62,25,68,54,13,7,55,43,37,12,20,71,42,57,21,28,22,67,52,18,10,64,29,5,26,15,33
39,61,29,67,66,8,35,19,42,58,34,28,31,38,50,22,63,9,6,71,41,53,70,11,45,36,72,32,3,57,30,23,69,12,56,65,17,51,16,68,49,59,60,44,1,64,10,47,18,48,14,5,15,52,25,33,46,4,37,26,43,7,55,24,40,27,62,54,2,20,21,13
29,8,22,57,38,70,17,36,12,69,45,68,28,72,9,56,67,11,39,66,23,47,53,42,71,1,35,48,51,61,19,59,60,50,34,31,26,14,33,65,15,3,18,64,49,41,30,7,10,63,52,5,37,58,44,62,43,24,6,16,25,54,32,55,46,13,4,40,20,27,21,2
29,8,57,70,42,22,28,61,39,67,66,38,69,72,11,12,17,56,71,45,68,9,3,53,34,47,51,36,58,35,50,23,41,65,19,48,1,59,31,6,5,63,44,49,52,18,60,64,15,30,33,26,7,16,10,37,32,24,25,43,14,55,62,40,13,46,4,21,2,54,27,20
36,6,35,63,31,61,65,17,53,60,34,58,16,49,11,23,30,1,47,42,41,32,69,39,38,44,46,19,59,9,68,48,50,14,67,3,66,71,56,27,20,45,51,70,24,22,8,72,57,28,10,7,2,29,52,12,13,5,25,4,55,40,62,21,33,37,18,26,54,43,64,15
29,57,39,28,66,42,35,17,53,19,22,38,61,34,71,72,11,67,50,31,8,70,63,69,56,12,6,65,48,58,9,68,60,36,41,45,23,51,59,15,44,3,30,1,32,16,47,26,37,7,10,14,64,25,49,33,62,5,18,24,52,40,43,54,55,4,46,27,20,21,13,2
70,29,8,45,57,22,38,68,17,28,56,12,71,69,72,39,11,66,36,67,9,42,19,51,48,61,34,50,1,23,53,3,14,47,35,31,63,59,64,41,60,6,65,49,26,44,33,58,15,18,30,10,5,52,32,24,16,25,62,7,43,37,4,40,55,2,54,46,20,13,27,21
8,70,29,12,22,57,28,17,38,67,69,42,68,71,56,11,66,72,61,45,53,39,36,9,51,48,23,19,1,50,34,31,35,47,41,64,59,65,26,63,18,15,30,3,49,58,33,60,52,7,5,10,14,44,6,32,24,16,25,62,37,43,4,46,40,55,54,20,2,21,13,27
35,16,41,36,44,6,30,58,63,19,47,72,1,69,53,17,23,48,9,3,11,61,49,38,34,60,31,66,55,65,51,32,42,14,54,13,67,21,62,2,57,59,22,10,45,27,70,20,50,24,43,56,5,12,71,28,46,39,4,37,52,18,68,8,40,25,33,7,29,64,26,15
6,67,34,61,19,41,8,65,63,58,35,3,44,50,47,42,30,11,48,17,71,38,69,39,51,72,16,32,31,60,23,66,53,22,36,28,70,25,12,29,9,49,45,68,57,26,59,37,56,18,1,43,5,21,46,13,54,62,52,4,33,27,14,40,24,55,10,2,7,15,64,20
29,22,70,8,57,38,56,72,17,39,28,12,45,48,69,36,67,68,53,11,66,42,9,71,50,1,23,34,51,61,19,15,26,65,3,59,60,35,41,64,31,47,5,10,18,30,33,49,6,52,58,43,44,63,7,14,25,32,37,16,62,24,46,40,55,54,4,20,21,2,27,13
16,47,48,41,2,6,32,23,14,27,60,65,49,38,63,13,55,72,21,46,35,58,54,36,59,4,44,10,61,17,1,20,43,62,37,11,19,52,30,34,3,69,40,25,24,51,56,9,50,68,5,31,42,45,66,57,53,71,70,7,18,33,22,67,12,28,64,8,29,39,15,26
3,39,11,61,8,34,38,31,67,19,45,41,56,58,63,53,35,69,42,28,66,65,17,50,70,29,71,57,72,9,22,23,30,16,48,12,68,6,44,32,36,10,1,51,49,60,47,59,14,26,33,25,64,24,5,37,15,7,62,55,18,52,43,20,4,2,54,46,40,27,21,13
39,53,66,29,28,19,42,41,70,71,61,67,11,22,8,35,63,50,34,45,69,17,65,16,58,38,3,23,6,44,9,1,72,57,51,56,48,68,30,60,12,36,31,18,33,14,32,26,49,7,59,15,47,37,43,64,25,24,54,5,10,52,62,40,46,55,20,4,21,13,27,2
44,21,30,58,41,35,19,32,23,48,14,60,34,49,16,4,9,63,27,55,1,47,65,61,59,36,20,17,38,46,71,57,56,31,54,68,2,13,37,6,70,52,42,69,53,28,72,25,51,45,62,24,8,50,43,66,40,7,64,12,11,10,39,33,3,15,67,29,26,18,5,22
16,27,58,32,2,47,21,36,59,20,48,14,30,6,44,60,69,35,1,40,63,55,13,49,17,72,38,23,41,65,54,46,43,9,45,4,25,3,19,31,7,57,24,51,62,37,34,50,22,70,66,33,5,56,61,11,15,18,68,29,42,53,52,39,28,71,26,67,8,12,10,64
29,8,22,57,38,70,45,12,56,67,72,28,69,17,39,68,9,71,36,53,66,23,51,11,50,42,47,61,1,48,19,18,41,3,35,34,59,31,26,60,15,52,64,10,5,30,58,7,14,49,65,33,63,62,44,6,32,24,16,43,37,25,46,40,54,55,4,21,2,27,20,13
35,61,65,1,16,34,6,58,59,60,41,36,48,17,19,23,63,50,47,69,53,32,44,11,9,42,56,3,31,13,30,40,38,66,14,25,51,68,70,67,72,45,24,43,49,22,57,21,46,39,20,71,37,62,54,2,12,27,8,28,55,4,29,7,64,52,33,5,15,26,10,18
34,16,65,63,23,19,47,61,36,57,11,6,3,41,42,1,53,58,69,35,9,39,45,38,50,72,70,67,51,32,14,24,29,17,48,44,49,60,31,71,12,66,30,56,59,68,22,37,7,28,55,8,43,62,33,40,4,18,25,46,20,5,27,15,26,2,54,13,21,64,52,10
35,66,70,39,28,45,67,34,29,61,42,53,69,11,56,63,68,22,41,72,38,17,50,19,71,31,65,12,8,57,3,30,51,9,23,59,36,32,6,16,47,14,44,58,60,1,48,49,64,7,26,15,52,5,43,33,18,62,24,20,10,37,4,55,25,21,40,54,13,2,46,27
28,66,34,29,35,6,61,69,39,41,38,19,53,58,8,67,3,11,57,42,63,31,17,16,23,56,12,1,45,51,30,72,36,70,50,65,49,9,71,22,32,48,7,47,68,15,24,59,44,60,5,14,33,64,10,25,37,18,20,43,62,52,4,55,26,40,54,2,46,27,21,13
28,3,41,19,11,66,17,35,71,67,44,63,6,53,34,69,42,58,70,61,50,22,60,8,45,38,16,29,72,65,31,68,30,32,23,39,48,57,51,9,12,56,14,1,18,36,7,62,47,25,64,59,49,43,52,24,33,4,46,37,5,10,55,40,26,15,2,54,20,21,13,27
28,65,29,66,53,11,71,70,31,42,67,57,61,39,38,41,9,34,69,36,19,72,8,35,17,50,12,22,63,68,45,56,1,6,3,51,23,16,58,60,59,30,44,18,26,5,48,47,7,49,55,32,33,64,43,62,14,37,52,24,15,10,46,25,40,4,54,2,21,20,27,13
29,8,22,12,70,38,45,72,28,57,56,66,67,39,68,17,23,42,51,71,9,11,69,61,34,36,53,1,50,47,31,19,35,48,3,18,59,15,41,64,65,60,63,33,26,6,49,30,58,14,7,5,25,52,16,62,10,43,32,44,37,24,54,4,55,40,46,13,27,2,20,21
28,29,22,8,38,45,57,56,67,70,12,42,39,68,61,50,19,66,11,17,69,53,71,34,35,72,3,41,31,51,9,23,1,59,47,36,18,6,60,63,65,48,30,15,44,26,10,52,14,49,58,32,5,16,64,7,33,24,62,37,25,43,54,55,40,46,4,13,27,2,20,21
31,6,66,61,34,65,39,41,22,28,71,42,36,67,56,8,53,70,9,19,60,35,30,17,3,50,11,44,38,63,68,16,32,45,1,51,48,59,58,57,12,29,69,62,23,64,72,14,47,15,5,7,26,49,24,37,10,46,55,33,25,52,18,54,43,40,4,13,2,21,27,20
61,28,66,67,53,41,63,35,50,56,31,34,42,71,39,11,22,65,38,29,57,70,3,19,45,8,17,6,58,69,9,16,49,68,23,12,36,47,32,30,48,51,72,44,59,60,33,5,1,15,26,7,62,37,43,52,10,14,64,4,55,24,54,27,25,18,40,46,21,13,2,20
28,34,6,61,42,19,17,39,53,8,35,31,11,41,71,67,45,70,56,66,72,65,36,69,23,16,30,44,3,57,63,38,48,60,58,12,22,29,59,50,9,32,51,68,52,47,1,14,7,43,5,62,26,64,33,49,15,55,25,10,4,46,40,21,37,18,27,20,2,54,24,13
8,29,70,57,22,12,45,38,28,69,56,68,72,23,39,11,66,17,50,36,61,67,71,9,48,42,51,53,47,1,19,34,59,60,31,15,18,26,3,65,35,64,41,10,14,7,52,6,30,49,58,5,33,44,62,43,25,63,16,37,24,32,40,4,55,46,54,21,13,2,27,20
39,29,28,71,38,45,66,70,8,22,17,34,69,67,41,57,11,53,61,42,12,19,50,31,9,72,35,30,68,65,36,1,56,3,6,63,59,23,26,60,51,47,58,64,16,44,49,18,33,15,52,48,32,10,14,5,37,7,46,54,25,62,43,24,4,21,40,55,27,20,13,2
39,61,34,41,19,8,53,57,35,70,66,11,45,28,38,71,29,72,17,69,42,50,31,30,36,9,56,44,51,65,22,67,68,3,58,63,6,12,16,1,47,32,23,15,59,48,10,60,33,7,49,52,18,14,24,64,62,5,40,37,26,25,43,54,4,46,2,21,55,13,27,20
28,39,53,19,29,11,42,61,66,45,8,22,70,67,3,63,50,17,12,41,35,71,38,6,56,69,34,72,31,65,51,30,57,9,60,36,47,1,23,48,44,58,68,16,18,15,59,52,32,49,64,40,37,14,33,7,10,5,25,62,26,4,24,43,55,54,46,2,21,20,13,27
70,12,39,34,11,42,71,67,66,28,35,19,61,38,9,8,29,57,51,58,31,50,53,17,72,6,56,22,41,59,69,45,65,30,36,3,63,60,1,44,68,23,32,49,5,47,16,48,33,64,18,10,25,14,15,26,37,7,24,55,43,40,52,20,62,4,54,46,13,21,2,27
29,8,57,70,22,67,39,45,38,28,56,12,11,42,66,17,72,68,34,50,71,61,9,53,35,36,69,51,23,48,19,65,1,18,3,60,47,31,59,15,64,44,41,49,52,14,6,26,58,63,43,7,5,10,16,25,30,33,32,24,37,4,54,62,46,55,40,2,20,21,13,27
29,22,70,8,57,56,17,12,38,45,68,69,36,28,72,51,9,67,23,48,39,71,11,42,1,66,61,34,53,50,26,59,47,41,3,31,60,15,19,18,49,64,10,14,63,58,35,52,65,33,5,7,24,30,6,44,25,46,37,62,16,32,40,55,4,43,54,20,13,27,2,21
61,41,65,69,58,42,44,57,36,67,70,6,3,23,30,32,38,28,63,39,16,68,11,72,35,19,66,1,17,50,34,22,8,48,47,51,45,31,71,59,49,29,52,5,14,54,24,53,9,12,25,56,62,60,37,33,15,46,27,55,7,18,20,26,4,43,40,13,64,10,21,2
8,29,28,57,22,70,67,17,69,39,9,12,38,56,66,45,36,53,19,68,42,11,71,61,72,34,35,41,23,64,48,50,65,51,3,26,47,31,60,18,1,15,59,58,30,63,7,52,16,6,33,5,10,24,32,43,49,25,44,14,37,62,4,40,46,54,55,2,13,21,27,20
35,41,6,36,65,66,69,28,30,58,67,3,53,17,48,31,32,34,51,42,38,39,44,19,63,16,22,47,11,57,14,70,71,60,61,1,23,50,9,49,45,56,68,8,27,72,43,29,12,62,20,46,59,55,4,15,25,33,10,24,2,52,5,21,7,18,37,54,40,64,13,26
69,30,36,23,27,48,1,16,13,46,63,44,20,58,65,2,14,6,17,34,60,49,35,21,19,55,4,47,38,72,41,59,40,54,61,10,31,68,56,43,3,9,50,66,32,25,57,24,70,37,52,22,62,51,45,53,33,42,7,39,15,11,29,12,26,64,67,18,8,28,5,71
8,70,29,57,67,45,22,28,68,38,39,66,11,12,17,72,50,56,71,34,69,42,31,19,9,36,53,35,61,48,64,41,1,3,65,51,63,23,18,6,15,60,47,26,59,44,30,7,49,5,58,33,16,10,52,32,14,25,37,62,4,43,54,24,55,40,46,13,20,21,27,2
60,46,13,59,47,48,16,27,32,58,23,6,38,2,34,35,49,1,69,63,17,55,36,20,65,21,68,24,44,9,14,62,72,30,4,54,41,31,51,19,61,70,5,37,53,56,40,11,25,43,50,42,8,66,3,33,57,39,71,45,10,52,7,67,18,22,29,15,28,12,26,64
48,49,6,47,1,72,2,14,27,59,23,69,32,16,60,36,41,30,4,54,63,58,44,20,21,51,35,56,3,17,38,19,55,13,7,34,66,62,40,24,65,31,9,68,37,61,46,70,52,11,43,57,67,45,33,42,10,25,29,50,18,39,53,22,5,28,15,12,26,8,71,64
34,35,28,53,19,61,66,41,65,42,39,70,3,23,58,6,36,51,67,11,31,63,71,29,32,38,50,22,72,17,8,44,56,9,60,69,30,16,68,45,59,12,25,64,48,47,4,49,57,52,14,37,43,33,26,15,24,7,1,55,5,54,2,46,18,10,40,62,21,27,20,13
6,11,31,61,67,19,53,38,42,71,35,44,41,65,58,66,34,28,48,17,70,63,29,12,30,50,57,39,3,32,72,56,36,1,49,9,8,59,14,69,22,16,68,45,47,60,23,62,4,24,51,10,52,5,27,33,7,15,37,40,55,43,26,25,20,46,64,18,54,21,13,2
53,6,41,58,65,16,61,48,45,32,11,42,3,66,28,44,17,63,38,30,31,29,67,68,1,39,47,35,72,34,56,36,9,8,14,70,60,54,69,19,51,59,57,50,37,4,24,23,12,46,40,49,22,10,43,18,20,71,7,27,13,5,33,64,21,25,52,55,62,2,26,15
29,8,45,70,22,38,57,12,17,56,68,67,9,69,72,39,11,36,28,71,51,59,42,48,53,23,47,66,61,1,50,19,34,31,3,35,60,26,49,64,10,6,18,41,14,65,7,15,63,52,5,30,33,58,16,44,37,25,43,62,24,4,32,54,46,55,40,2,20,21,27,13
66,34,8,22,70,39,56,29,28,12,57,38,53,35,67,31,3,9,69,45,11,65,41,19,36,61,63,48,71,17,72,6,51,68,42,50,23,64,16,44,32,30,1,7,59,26,58,15,47,33,52,49,18,60,14,10,25,62,43,37,54,55,5,40,46,4,24,13,20,27,2,21
47,6,32,13,48,49,2,1,60,44,16,14,59,36,35,58,30,20,72,61,51,34,65,27,41,23,25,37,63,62,69,55,54,3,24,70,4,66,46,9,40,21,50,19,11,57,38,31,17,56,8,43,28,42,5,33,71,10,29,39,53,15,68,26,7,22,64,67,45,18,52,12
58,19,16,30,44,53,17,50,41,56,6,47,35,69,68,31,1,11,36,38,65,9,66,28,61,42,32,39,49,51,63,67,34,71,60,3,29,23,12,48,72,26,57,59,8,14,70,7,22,24,43,4,55,45,33,64,2,20,25,46,15,62,13,40,5,52,37,54,27,10,18,21
29,70,22,57,8,45,17,38,39,28,69,56,67,71,36,12,68,9,11,42,66,72,51,50,34,48,53,19,23,3,47,61,35,1,41,31,60,44,65,26,63,15,18,49,58,59,14,64,7,5,10,52,6,30,16,32,33,37,25,62,24,43,40,4,55,54,46,20,13,2,21,27
61,31,48,35,63,30,23,32,58,19,60,1,3,65,44,16,41,36,39,71,38,14,34,6,68,69,9,49,11,70,51,45,59,28,47,37,62,50,17,8,43,66,42,46,53,27,57,5,72,4,29,25,52,56,12,13,67,22,33,7,2,10,18,40,21,55,54,24,20,15,64,26
13,17,44,48,60,47,14,69,58,41,35,54,49,59,23,24,65,6,30,2,4,40,19,25,31,32,16,61,72,1,46,36,34,21,20,51,3,5,38,43,56,57,62,27,55,63,9,7,42,45,22,10,68,33,29,11,37,52,70,8,67,66,28,64,53,12,50,26,18,39,71,15
11,66,19,61,8,29,3,28,56,70,22,39,57,35,31,41,69,53,45,50,67,34,42,9,17,68,38,6,65,71,30,12,72,44,48,51,58,63,36,1,49,47,18,23,10,32,60,5,15,16,33,59,26,7,52,64,14,37,24,55,43,54,46,62,4,40,25,20,21,27,13,2
47,58,49,32,6,41,59,17,14,13,1,16,44,60,36,48,30,2,20,40,69,23,63,65,27,54,35,38,21,37,55,72,46,24,43,25,3,31,61,9,66,34,51,68,70,19,45,4,42,53,11,33,57,50,7,56,15,28,26,62,8,52,5,22,29,39,71,67,10,64,12,18
29,66,39,22,8,38,11,70,19,57,17,56,28,67,45,42,53,61,68,12,50,72,34,69,35,9,3,31,51,1,6,71,30,23,36,65,59,58,48,47,41,63,15,26,18,44,16,14,49,60,64,32,62,7,5,43,10,33,24,52,25,37,46,54,55,40,4,21,27,2,13,20
29,8,17,70,57,22,28,45,39,66,38,12,50,67,42,56,69,9,61,68,53,11,36,19,71,72,34,23,51,3,59,47,1,48,64,35,31,60,15,41,65,63,16,30,49,18,5,44,26,10,52,6,14,58,25,7,37,33,43,24,32,62,4,46,54,55,40,27,13,21,20,2
29,38,8,22,57,70,45,12,56,68,17,9,72,36,67,28,71,39,69,51,42,23,66,53,11,61,47,34,50,19,59,48,3,64,31,1,26,18,35,60,49,15,52,33,65,7,5,10,14,41,63,30,6,58,62,37,43,25,44,16,24,32,4,54,55,40,46,20,2,27,13,21
8,29,22,57,12,70,38,45,36,17,56,28,68,72,69,9,67,39,66,71,53,51,11,42,19,1,47,48,23,34,61,35,50,59,64,60,15,18,26,5,49,31,3,10,14,41,7,63,65,33,52,30,6,58,37,32,24,62,25,43,16,44,46,55,40,54,4,13,20,27,21,2
28,53,61,35,42,50,66,57,19,67,31,34,63,22,39,70,71,36,29,69,68,38,45,56,3,41,11,8,65,72,12,48,58,6,30,44,51,1,9,23,49,16,47,60,17,59,14,10,24,32,25,52,26,40,18,33,37,62,64,15,5,55,7,4,2,27,43,46,54,13,21,20
39,61,66,28,29,72,34,8,42,22,38,31,71,11,57,17,41,70,67,65,53,69,50,56,35,45,3,36,9,12,68,19,59,51,58,23,63,1,15,18,48,44,47,60,52,26,6,16,30,64,7,49,14,33,24,32,5,37,43,10,46,4,62,25,55,54,40,20,21,27,2,13
29,28,11,8,70,17,61,67,22,39,53,57,12,56,66,38,42,72,69,68,71,34,30,41,50,45,48,35,9,19,51,3,65,18,1,31,59,23,6,58,64,63,47,36,33,32,14,44,49,25,15,16,60,10,7,52,26,37,62,5,24,43,46,55,54,40,4,20,21,13,2,27
41,6,19,61,50,58,31,36,38,11,17,44,16,30,35,49,72,65,42,45,47,66,28,53,48,56,51,3,71,1,2,9,33,69,32,68,59,57,29,63,70,8,34,14,20,60,24,22,23,39,46,37,40,67,52,54,43,21,5,62,25,10,27,7,55,64,12,4,13,26,18,15
29,8,22,70,57,38,28,12,45,68,56,17,69,39,72,1,66,23,9,36,67,50,51,71,53,11,42,61,47,59,48,34,19,18,7,26,35,31,64,15,49,60,41,33,5,3,52,14,63,65,30,16,6,10,25,37,43,62,44,58,24,32,55,40,54,4,46,13,21,27,2,20
66,11,29,57,39,70,38,28,61,8,67,56,71,42,22,68,12,34,50,53,45,17,65,19,35,69,9,3,41,31,48,36,30,72,51,23,63,5,44,59,1,58,15,60,49,18,33,26,16,6,47,52,10,7,32,14,25,37,43,64,62,4,54,24,46,55,20,13,40,2,21,27
29,57,70,38,22,8,17,45,12,68,67,69,28,9,56,39,72,48,36,66,11,50,61,42,71,51,53,23,1,47,19,31,15,59,34,18,35,64,60,49,26,33,3,63,41,14,5,7,52,10,65,25,30,6,43,58,37,62,24,16,44,32,54,40,55,46,4,2,13,21,27,20
29,8,22,45,57,39,28,12,70,38,17,56,67,69,68,66,72,11,71,36,42,9,50,51,1,53,59,48,61,41,6,64,3,19,23,15,47,34,26,65,60,35,10,18,31,14,63,30,52,49,33,44,7,58,5,62,25,24,43,16,37,32,54,4,40,55,46,21,13,20,27,2
34,39,42,28,22,50,31,11,19,35,61,66,67,53,45,41,30,3,68,17,12,63,57,51,32,8,38,47,65,71,69,58,70,72,56,1,29,44,23,59,16,14,36,6,9,18,26,60,15,49,64,48,10,52,43,7,37,33,5,62,46,27,4,55,25,24,40,54,13,20,2,21
60,32,44,47,48,49,6,14,16,20,59,27,35,55,1,21,13,36,58,69,30,23,9,46,25,38,3,65,41,24,63,2,62,4,54,37,34,51,17,40,19,66,72,43,61,31,5,56,70,11,45,52,33,68,15,50,7,12,53,10,42,57,28,18,71,29,8,26,39,67,64,22
58,65,30,44,41,23,6,49,38,16,2,32,36,72,35,47,4,48,59,1,27,61,57,46,56,37,9,31,63,11,19,34,68,3,60,13,20,51,17,54,69,66,62,21,70,14,25,29,12,50,67,71,53,24,55,10,33,7,5,42,52,8,45,43,22,15,40,28,64,18,39,26
66,57,28,22,29,70,12,39,8,38,45,68,42,19,11,72,17,67,69,61,53,9,34,35,31,71,36,50,56,1,51,23,65,41,3,47,48,6,63,64,59,15,49,18,60,44,30,33,10,58,5,14,7,26,24,52,25,32,62,43,16,37,46,55,54,4,40,20,2,13,21,27
57,42,38,50,71,28,66,39,11,41,22,61,29,69,72,6,36,19,65,53,35,67,70,12,17,56,34,3,31,8,44,63,58,45,47,9,59,32,51,68,60,23,30,16,48,33,1,26,64,5,49,7,18,14,43,25,10,52,15,62,37,24,40,54,13,2,46,4,27,21,55,20
29,8,70,22,45,17,12,38,57,28,56,66,69,72,39,9,67,68,23,50,34,48,71,11,51,61,36,47,31,53,19,42,1,65,60,41,59,3,35,49,64,15,26,18,63,14,33,30,10,7,58,52,43,5,6,16,24,44,62,37,25,4,32,55,54,40,46,21,2,27,13,20
8,29,39,22,28,57,11,38,70,67,12,17,45,68,42,71,66,72,34,56,36,53,35,69,61,50,19,31,3,1,9,30,63,41,23,51,65,48,47,15,10,16,59,60,18,64,6,26,52,32,44,33,24,5,58,7,49,14,62,37,55,25,43,4,54,13,27,46,40,2,20,21
8,29,42,11,22,39,67,38,70,57,66,17,34,45,56,28,12,19,68,72,71,36,61,50,53,65,69,9,48,51,1,31,35,23,41,64,26,3,47,63,59,18,60,30,6,33,7,15,58,44,49,10,16,14,32,43,37,24,5,62,25,52,40,46,4,54,55,27,2,20,21,13
63,60,59,44,58,30,32,6,16,69,41,23,1,49,20,35,38,9,47,14,66,21,27,51,61,34,17,65,45,48,71,36,70,4,54,42,19,13,40,72,62,3,57,68,2,5,56,55,52,46,33,50,12,22,25,29,37,43,31,67,39,53,28,10,64,24,11,8,15,18,7,26
47,48,59,58,16,44,32,72,14,6,21,49,20,60,41,63,2,34,13,27,17,36,23,35,40,65,46,9,38,54,1,69,24,37,31,4,62,51,55,57,3,30,61,19,66,11,53,25,43,5,42,70,10,64,29,7,56,28,52,50,33,12,45,22,8,68,26,39,15,71,67,18
29,70,22,39,57,28,8,38,67,11,12,45,17,56,71,9,68,36,66,42,69,72,61,48,23,51,53,50,26,1,60,31,34,47,18,19,3,15,64,35,65,41,59,52,14,25,63,33,5,58,49,7,30,6,44,24,10,62,37,43,16,32,4,40,54,46,55,2,13,27,20,21
29,8,70,22,56,12,17,38,39,28,45,57,66,67,72,71,50,53,69,36,9,23,11,61,31,68,42,65,48,19,34,35,3,51,59,41,15,60,47,1,64,49,26,18,30,63,58,44,52,10,16,7,24,6,14,5,33,43,62,37,25,32,40,54,4,46,55,2,20,21,27,13
66,28,17,11,8,61,29,45,12,39,70,35,50,3,57,19,41,68,63,38,42,6,67,31,22,53,34,71,1,72,51,15,69,30,65,44,58,36,48,9,49,26,56,59,47,60,16,52,23,32,64,33,14,10,7,5,43,18,25,24,62,37,4,54,40,21,20,46,13,55,27,2
29,8,38,22,45,56,70,17,42,39,28,71,57,72,11,67,12,9,68,66,53,61,69,34,19,1,35,36,50,41,23,59,31,48,51,64,26,3,60,49,33,47,63,44,30,65,15,18,7,5,52,58,25,14,6,10,16,32,24,37,55,43,62,40,46,4,54,13,21,27,2,20
8,29,70,22,45,56,57,12,38,17,72,28,68,69,39,9,71,36,67,11,1,42,61,66,50,19,23,51,34,31,48,35,53,59,60,47,3,26,15,41,63,18,49,30,65,6,64,52,5,33,10,25,7,16,43,14,40,24,58,44,37,32,62,4,46,27,55,13,54,21,20,2
61,53,28,67,39,11,19,38,34,50,42,17,71,66,29,31,8,35,70,63,41,6,12,30,45,44,3,48,68,56,36,69,72,22,23,57,58,1,16,9,51,10,65,52,47,49,26,59,14,60,32,7,24,33,64,25,15,5,43,37,18,40,62,46,4,55,2,21,54,20,13,27
29,70,8,22,56,12,38,57,67,68,39,45,28,11,17,53,42,66,31,72,61,9,35,69,71,23,1,50,51,3,15,34,48,64,59,41,36,19,18,33,26,47,65,30,5,60,49,63,44,14,52,58,62,6,7,37,43,10,24,32,25,16,54,46,4,55,40,21,27,2,20,13
29,70,8,22,57,17,69,38,56,39,45,9,12,53,66,28,36,61,72,68,42,11,71,48,23,67,34,51,1,60,47,50,19,15,31,49,18,35,3,59,64,41,33,26,5,52,14,7,65,63,10,44,6,58,30,25,24,62,43,37,55,16,32,40,4,54,46,13,2,20,27,21
29,8,70,22,45,57,17,38,12,72,69,39,11,56,36,28,67,68,9,71,51,66,53,23,61,50,47,1,34,26,48,42,35,19,59,60,64,41,3,31,18,52,15,33,7,49,10,5,65,14,30,6,16,58,63,43,44,25,37,24,62,55,32,46,4,40,54,20,2,27,21,13
69,48,60,49,40,47,13,14,32,2,35,17,27,4,44,21,30,20,1,58,61,62,16,51,6,24,34,55,19,9,31,25,63,54,59,3,23,41,65,72,57,46,38,37,53,66,36,43,56,7,45,68,70,50,5,33,8,42,52,28,11,10,18,22,12,64,39,71,29,67,15,26
70,8,29,22,38,12,57,45,17,36,56,28,67,69,72,9,68,39,71,11,50,66,1,51,42,48,59,23,19,47,61,34,15,53,60,26,64,35,18,3,49,31,41,52,10,33,14,30,5,65,63,62,58,7,44,43,6,25,24,37,16,46,32,40,55,4,54,20,21,27,13,2
22,70,28,42,38,39,57,8,67,29,17,66,11,35,12,45,34,53,68,36,56,72,9,41,71,6,19,23,63,61,50,65,51,59,69,31,3,47,48,30,16,58,1,32,44,10,18,64,60,15,26,33,7,5,52,37,24,14,62,49,43,46,25,54,40,55,20,27,4,13,2,21
22,29,57,8,70,45,12,39,72,28,42,71,38,9,56,66,11,68,67,17,51,23,34,53,61,36,69,48,50,15,31,18,41,3,64,26,35,19,49,59,47,1,65,58,52,60,6,7,63,30,10,5,14,16,44,32,33,24,43,25,62,37,54,40,55,4,46,2,27,21,20,13
29,8,39,22,66,38,70,12,11,45,68,42,34,28,57,71,72,56,53,61,19,9,69,67,41,6,31,17,63,23,65,35,50,51,1,3,64,30,48,59,14,36,44,26,32,58,15,47,18,60,16,10,37,52,7,5,49,24,33,62,43,25,40,46,55,54,4,13,20,21,27,2
47,65,59,16,44,6,69,30,48,49,58,1,36,61,35,60,14,63,41,13,9,72,42,17,37,55,2,31,34,4,3,38,40,19,64,20,46,28,27,21,43,29,70,11,33,56,62,51,57,68,66,32,54,52,53,23,12,25,5,7,45,67,24,8,18,50,39,26,22,71,10,15
28,34,39,57,42,8,12,66,22,67,53,70,17,29,11,50,38,19,45,72,41,61,44,35,6,31,71,65,1,3,23,56,51,69,48,47,32,59,36,68,58,60,30,63,9,16,15,49,26,18,5,43,33,52,64,37,14,40,54,7,62,25,10,24,55,46,4,27,13,21,2,20
29,22,8,57,38,70,45,56,12,69,28,17,68,67,39,36,66,72,71,48,11,9,34,42,61,50,1,51,53,47,23,31,64,19,60,35,15,49,59,18,10,3,63,5,41,52,14,26,65,6,7,58,33,30,44,62,24,16,25,43,32,37,55,46,40,4,54,21,27,20,2,13
19,42,11,61,66,35,57,69,44,28,39,41,56,53,34,71,38,72,50,58,6,70,17,22,65,31,29,32,63,47,68,67,12,16,23,30,8,3,9,48,51,1,45,59,36,49,60,43,14,54,62,7,18,10,5,24,25,64,52,46,20,40,33,37,13,26,55,15,4,2,21,27
6,14,36,49,69,1,32,65,38,30,43,35,48,16,72,44,13,23,31,3,55,40,51,41,59,19,50,17,27,9,20,61,56,53,37,47,58,54,66,60,21,2,34,68,63,42,33,57,46,70,24,52,4,7,11,25,45,39,29,15,26,5,71,12,10,22,62,8,64,28,18,67
29,8,70,57,12,38,45,22,56,28,72,17,36,9,68,69,66,11,71,67,23,1,39,42,53,51,48,47,19,61,34,50,59,15,60,18,3,14,31,49,41,35,52,26,7,64,10,33,63,65,5,62,37,24,6,30,16,43,25,58,44,32,46,4,54,40,55,20,13,2,21,27
29,70,38,8,22,57,39,12,45,67,56,68,17,28,72,9,71,66,69,51,36,11,61,47,34,53,42,19,50,1,23,35,3,48,64,60,26,31,59,65,18,41,30,6,15,63,14,10,52,58,25,49,7,44,33,37,32,43,24,16,5,62,54,46,40,4,55,21,2,20,13,27
66,71,22,70,28,29,8,56,12,53,39,61,45,67,11,57,72,38,42,69,36,68,35,51,17,3,30,1,41,48,31,34,63,19,65,50,9,23,6,26,59,58,44,18,15,14,49,64,60,16,47,62,37,32,10,33,7,5,52,25,43,24,54,40,55,4,46,27,2,20,13,21
8,22,39,38,28,57,66,70,29,56,12,45,69,71,67,17,11,51,72,68,53,19,34,36,61,9,42,31,50,41,65,23,48,35,1,30,63,60,3,6,64,58,10,59,18,47,26,49,7,15,44,16,52,43,33,37,24,5,25,14,46,62,32,40,4,20,55,54,13,27,2,21
29,72,22,57,45,8,28,39,42,66,67,17,12,71,38,50,53,56,69,68,70,11,61,34,9,19,23,36,48,3,35,60,41,51,44,47,1,31,65,30,15,59,18,10,64,33,7,6,26,49,63,16,43,14,52,5,37,58,32,24,25,46,62,54,55,40,4,2,27,21,13,20
11,28,8,39,70,42,29,38,66,57,61,17,22,71,72,69,45,53,68,36,12,67,35,65,51,3,31,34,56,48,30,19,50,41,1,6,64,9,63,44,23,60,47,58,59,49,33,18,15,5,16,10,26,52,62,24,43,37,32,25,7,14,4,55,40,54,46,27,2,13,20,21
48,58,21,32,27,16,35,30,47,36,2,23,59,69,13,38,40,6,44,46,72,60,41,17,9,49,1,55,61,20,51,31,3,34,63,43,14,68,25,37,11,65,42,62,56,70,4,57,53,66,7,33,19,45,54,8,12,10,24,5,50,26,52,22,39,15,28,67,64,29,18,71
35,6,30,36,72,58,17,59,69,34,41,65,38,39,61,28,16,48,55,45,3,49,23,42,32,19,53,68,31,44,11,62,63,51,67,27,14,57,37,60,12,8,66,54,9,71,70,1,2,22,33,47,20,43,10,4,5,40,50,56,24,18,46,7,25,13,29,21,15,52,26,64
28,22,8,57,70,67,29,45,69,11,56,42,61,66,71,72,12,39,34,41,36,53,38,17,68,35,3,19,9,50,65,51,47,63,23,31,48,1,59,30,15,5,6,26,18,64,16,58,44,49,52,14,32,43,60,7,33,25,62,37,10,54,24,46,21,55,4,40,20,2,13,27
29,38,8,70,22,57,28,39,66,12,45,68,67,56,17,42,72,61,71,53,23,11,19,9,31,34,50,36,26,48,41,65,51,69,3,1,35,15,60,59,63,33,7,30,52,58,64,6,18,49,14,47,10,32,24,5,16,62,37,43,44,25,40,54,55,46,4,20,27,21,13,2
28,70,29,11,38,72,67,41,8,39,42,45,56,66,17,22,57,53,12,3,68,71,61,31,9,19,35,30,50,34,6,44,36,65,69,1,60,51,58,48,47,23,63,52,59,16,7,18,49,14,32,26,64,24,33,10,5,15,37,62,25,40,43,55,54,46,4,27,2,20,21,13
70,66,61,71,29,72,22,65,42,3,17,12,39,19,34,28,11,57,45,31,69,41,38,53,8,6,67,56,35,68,50,36,16,47,63,58,30,59,51,44,48,33,49,18,9,26,23,1,32,37,5,52,60,15,14,7,10,62,64,25,24,43,46,4,55,40,21,20,2,54,27,13
29,67,39,70,8,57,66,22,61,12,45,28,11,17,56,68,69,71,36,38,53,72,9,19,31,50,15,51,42,3,35,48,34,41,23,63,6,33,59,60,47,65,58,1,14,26,64,30,44,18,7,52,5,10,32,49,43,16,37,24,62,25,4,40,46,54,55,20,2,21,27,13
22,29,8,57,28,70,56,45,12,38,72,68,9,67,17,39,36,66,71,69,42,11,51,50,53,34,61,23,1,48,47,64,31,65,63,60,41,35,19,59,30,3,26,15,14,49,52,58,7,10,33,6,18,5,44,25,16,24,43,62,32,37,54,46,4,55,40,13,21,27,2,20
45,8,57,22,29,70,56,38,39,12,28,17,72,67,68,9,69,36,48,11,66,47,23,26,42,61,50,71,60,35,53,59,1,31,51,3,19,18,15,34,7,49,41,33,64,14,30,52,10,5,63,65,6,62,24,16,58,37,25,44,55,32,4,40,43,54,46,27,20,13,21,2
70,29,8,22,57,12,45,17,38,39,56,67,42,66,69,72,23,28,71,11,9,47,68,61,36,50,48,51,53,60,64,31,3,34,1,65,41,19,49,15,35,6,18,59,7,26,63,44,5,33,14,30,58,52,24,10,16,43,62,32,25,37,40,54,13,4,46,55,27,20,2,21
11,61,19,45,8,35,66,50,63,65,51,31,72,41,58,39,71,28,38,67,22,9,53,57,70,36,34,44,69,30,6,3,42,32,16,48,68,23,29,56,17,12,1,47,60,14,59,49,33,10,18,25,7,37,43,5,64,15,62,21,54,26,4,24,52,55,13,40,27,2,20,46
28,66,35,70,53,39,61,11,29,65,36,42,34,51,71,41,19,3,57,67,17,72,50,22,45,31,44,56,8,30,69,6,9,63,12,16,38,58,1,68,23,32,59,47,48,18,33,49,26,5,25,14,43,7,24,62,15,60,52,37,46,10,54,64,4,55,13,21,40,2,27,20
29,8,70,67,22,38,57,17,28,39,45,51,66,69,56,11,34,53,12,68,72,42,61,71,19,36,9,23,50,48,31,35,59,3,41,15,1,30,60,33,63,47,18,49,26,6,65,5,58,64,10,16,44,14,52,7,43,62,25,37,24,32,55,54,4,46,40,2,21,13,27,20
2,58,49,13,21,63,6,32,65,44,72,20,60,47,48,14,40,1,9,23,54,43,41,59,37,27,36,17,46,38,51,16,30,19,69,34,61,55,11,45,33,52,57,31,35,3,7,4,10,42,62,50,66,70,25,24,68,67,56,53,26,18,29,64,39,8,28,15,5,71,12,22
39,28,29,70,67,11,38,17,42,34,8,57,12,66,56,22,19,45,36,61,41,72,65,35,9,68,31,71,53,3,69,51,23,58,1,30,59,50,47,63,48,6,26,15,44,52,16,64,49,5,7,10,62,60,32,33,14,37,43,18,25,24,55,40,46,54,20,4,13,2,27,21
28,57,11,8,67,29,53,45,70,38,71,19,3,39,17,56,66,12,35,69,72,22,31,61,41,68,36,42,50,34,23,51,30,1,58,9,65,59,48,6,47,63,44,15,60,18,64,49,16,26,7,5,33,10,32,25,14,43,62,52,54,24,37,40,55,21,4,2,27,46,20,13
11,66,61,31,35,39,63,41,6,48,44,42,34,65,19,3,45,22,16,67,30,70,28,23,59,71,49,38,53,50,58,47,17,32,43,29,9,72,36,57,1,12,51,69,60,56,7,68,27,14,64,13,5,15,40,8,52,26,33,25,62,24,18,37,46,55,54,10,20,4,2,21
29,70,57,56,8,22,45,38,12,28,39,69,66,11,71,68,23,42,72,17,67,34,1,61,53,51,60,9,50,35,19,36,48,47,18,31,41,65,59,3,63,10,64,26,33,7,15,14,6,49,30,58,5,62,44,37,52,32,25,16,43,40,24,54,55,4,46,21,2,20,27,13
8,29,28,39,53,71,70,67,66,11,61,22,45,72,12,17,68,57,38,31,69,34,35,56,50,42,63,19,9,41,48,51,65,3,1,23,36,30,26,60,58,64,18,52,6,16,44,47,59,7,15,49,33,10,62,14,32,5,37,43,25,24,46,40,55,4,54,20,13,21,27,2
29,70,8,57,28,22,45,12,38,39,71,66,11,67,42,17,61,72,19,50,56,69,51,41,53,68,9,48,34,36,23,35,47,31,3,59,18,1,65,63,26,49,60,6,44,15,33,10,7,64,30,16,52,5,24,32,58,14,37,62,43,25,54,40,55,2,46,4,21,27,13,20
29,8,57,70,22,12,45,38,56,72,67,17,68,28,36,9,71,48,39,69,1,66,23,42,51,11,50,47,61,59,31,26,53,60,15,3,34,19,10,6,41,18,35,33,64,49,65,52,24,7,14,30,63,5,62,37,25,16,40,43,58,32,44,46,54,55,4,13,20,27,21,2
28,29,66,61,39,19,31,70,53,8,57,67,68,42,38,11,22,34,56,35,12,45,65,71,17,51,3,72,50,41,30,9,69,63,6,1,60,48,16,44,36,23,64,26,47,14,15,10,18,32,58,59,37,43,49,33,7,52,24,5,25,4,40,55,62,46,54,21,2,27,20,13
63,19,34,41,16,9,6,36,31,17,23,49,47,1,35,14,60,58,69,54,42,65,72,48,3,55,4,30,2,44,45,32,40,20,61,13,11,10,50,37,70,39,66,57,62,38,51,46,53,68,33,52,24,22,59,12,28,7,67,71,8,29,43,56,21,18,26,27,5,25,15,64
